,image
0,image_4179.jpg
1,image_694.jpg
2,image_1322.jpg
3,image_4846.jpg
4,image_699.jpg
5,image_1436.jpg
6,image_3581.jpg
7,image_4632.jpg
8,image_2406.jpg
9,image_4048.jpg
10,image_2714.jpg
11,image_4485.jpg
12,image_2734.jpg
13,image_2166.jpg
14,image_1899.jpg
15,image_3338.jpg
16,image_4752.jpg
17,image_202.jpg
18,image_98.jpg
19,image_60.jpg
20,image_784.jpg
21,image_1439.jpg
22,image_116.jpg
23,image_4292.jpg
24,image_3548.jpg
25,image_433.jpg
26,image_1018.jpg
27,image_3491.jpg
28,image_2319.jpg
29,image_4061.jpg
30,image_1295.jpg
31,image_47.jpg
32,image_1729.jpg
33,image_148.jpg
34,image_2628.jpg
35,image_4435.jpg
36,image_344.jpg
37,image_2816.jpg
38,image_2588.jpg
39,image_1478.jpg
40,image_4717.jpg
41,image_2204.jpg
42,image_3165.jpg
43,image_4618.jpg
44,image_3658.jpg
45,image_4310.jpg
46,image_3556.jpg
47,image_20.jpg
48,image_3155.jpg
49,image_4482.jpg
50,image_1924.jpg
51,image_3577.jpg
52,image_1591.jpg
53,image_3394.jpg
54,image_3618.jpg
55,image_4643.jpg
56,image_3882.jpg
57,image_4033.jpg
58,image_4573.jpg
59,image_2736.jpg
60,image_3684.jpg
61,image_2759.jpg
62,image_2741.jpg
63,image_4741.jpg
64,image_4126.jpg
65,image_545.jpg
66,image_1872.jpg
67,image_3734.jpg
68,image_409.jpg
69,image_4792.jpg
70,image_2909.jpg
71,image_2650.jpg
72,image_4795.jpg
73,image_3307.jpg
74,image_3190.jpg
75,image_4241.jpg
76,image_2159.jpg
77,image_1608.jpg
78,image_1889.jpg
79,image_4253.jpg
80,image_1827.jpg
81,image_3551.jpg
82,image_594.jpg
83,image_4459.jpg
84,image_4862.jpg
85,image_4565.jpg
86,image_4043.jpg
87,image_3285.jpg
88,image_2517.jpg
89,image_4363.jpg
90,image_4506.jpg
91,image_3360.jpg
92,image_4359.jpg
93,image_4600.jpg
94,image_4216.jpg
95,image_2068.jpg
96,image_1573.jpg
97,image_4951.jpg
98,image_3266.jpg
99,image_2186.jpg
100,image_3059.jpg
101,image_2323.jpg
102,image_1916.jpg
103,image_1073.jpg
104,image_4913.jpg
105,image_1595.jpg
106,image_1778.jpg
107,image_2097.jpg
108,image_4123.jpg
109,image_2389.jpg
110,image_2024.jpg
111,image_4172.jpg
112,image_1343.jpg
113,image_4843.jpg
114,image_1240.jpg
115,image_4785.jpg
116,image_1903.jpg
117,image_3250.jpg
118,image_4369.jpg
119,image_809.jpg
120,image_1537.jpg
121,image_3570.jpg
122,image_2304.jpg
123,image_3045.jpg
124,image_816.jpg
125,image_1342.jpg
126,image_4448.jpg
127,image_4893.jpg
128,image_4214.jpg
129,image_529.jpg
130,image_1629.jpg
131,image_1980.jpg
132,image_4124.jpg
133,image_1462.jpg
134,image_4714.jpg
135,image_19.jpg
136,image_3210.jpg
137,image_3089.jpg
138,image_1363.jpg
139,image_4076.jpg
140,image_4461.jpg
141,image_105.jpg
142,image_1709.jpg
143,image_939.jpg
144,image_640.jpg
145,image_3673.jpg
146,image_2271.jpg
147,image_3680.jpg
148,image_1259.jpg
149,image_1701.jpg
150,image_4978.jpg
151,image_2420.jpg
152,image_914.jpg
153,image_4953.jpg
154,image_4238.jpg
155,image_2056.jpg
156,image_337.jpg
157,image_2212.jpg
158,image_1408.jpg
159,image_253.jpg
160,image_1575.jpg
161,image_1049.jpg
162,image_2270.jpg
163,image_3825.jpg
164,image_3802.jpg
165,image_3000.jpg
166,image_3927.jpg
167,image_3023.jpg
168,image_2350.jpg
169,image_3513.jpg
170,image_2368.jpg
171,image_1120.jpg
172,image_40.jpg
173,image_4845.jpg
174,image_4691.jpg
175,image_188.jpg
176,image_232.jpg
177,image_3341.jpg
178,image_4251.jpg
179,image_2451.jpg
180,image_2776.jpg
181,image_4688.jpg
182,image_1631.jpg
183,image_366.jpg
184,image_3481.jpg
185,image_1493.jpg
186,image_2475.jpg
187,image_2148.jpg
188,image_1395.jpg
189,image_3116.jpg
190,image_642.jpg
191,image_835.jpg
192,image_3415.jpg
193,image_391.jpg
194,image_2505.jpg
195,image_2911.jpg
196,image_616.jpg
197,image_4532.jpg
198,image_4539.jpg
199,image_2536.jpg
200,image_17.jpg
201,image_1165.jpg
202,image_3839.jpg
203,image_492.jpg
204,image_2948.jpg
205,image_1788.jpg
206,image_3244.jpg
207,image_3571.jpg
208,image_3499.jpg
209,image_225.jpg
210,image_1115.jpg
211,image_1806.jpg
212,image_4760.jpg
213,image_2039.jpg
214,image_4182.jpg
215,image_4924.jpg
216,image_681.jpg
217,image_3603.jpg
218,image_3649.jpg
219,image_4015.jpg
220,image_4173.jpg
221,image_955.jpg
222,image_3633.jpg
223,image_1716.jpg
224,image_3963.jpg
225,image_1152.jpg
226,image_1215.jpg
227,image_1861.jpg
228,image_758.jpg
229,image_3179.jpg
230,image_2354.jpg
231,image_2755.jpg
232,image_890.jpg
233,image_370.jpg
234,image_1496.jpg
235,image_1977.jpg
236,image_4315.jpg
237,image_3476.jpg
238,image_723.jpg
239,image_2707.jpg
240,image_4334.jpg
241,image_2986.jpg
242,image_4267.jpg
243,image_2848.jpg
244,image_401.jpg
245,image_2827.jpg
246,image_100.jpg
247,image_2581.jpg
248,image_1345.jpg
249,image_444.jpg
250,image_621.jpg
251,image_2670.jpg
252,image_2207.jpg
253,image_3337.jpg
254,image_710.jpg
255,image_1812.jpg
256,image_445.jpg
257,image_957.jpg
258,image_4631.jpg
259,image_1786.jpg
260,image_468.jpg
261,image_2813.jpg
262,image_450.jpg
263,image_4746.jpg
264,image_288.jpg
265,image_851.jpg
266,image_4473.jpg
267,image_2849.jpg
268,image_3775.jpg
269,image_2132.jpg
270,image_3124.jpg
271,image_233.jpg
272,image_476.jpg
273,image_3085.jpg
274,image_4270.jpg
275,image_1892.jpg
276,image_3330.jpg
277,image_2611.jpg
278,image_1014.jpg
279,image_3617.jpg
280,image_2156.jpg
281,image_3691.jpg
282,image_1334.jpg
283,image_2873.jpg
284,image_2704.jpg
285,image_2655.jpg
286,image_2940.jpg
287,image_38.jpg
288,image_951.jpg
289,image_2242.jpg
290,image_2623.jpg
291,image_1425.jpg
292,image_4521.jpg
293,image_1151.jpg
294,image_150.jpg
295,image_1815.jpg
296,image_1044.jpg
297,image_1094.jpg
298,image_4941.jpg
299,image_2666.jpg
300,image_3828.jpg
301,image_110.jpg
302,image_4698.jpg
303,image_4646.jpg
304,image_2953.jpg
305,image_1706.jpg
306,image_1090.jpg
307,image_4350.jpg
308,image_494.jpg
309,image_1683.jpg
310,image_3512.jpg
311,image_2874.jpg
312,image_1708.jpg
313,image_983.jpg
314,image_3437.jpg
315,image_2268.jpg
316,image_3425.jpg
317,image_552.jpg
318,image_2658.jpg
319,image_4475.jpg
320,image_1830.jpg
321,image_2565.jpg
322,image_3655.jpg
323,image_1722.jpg
324,image_3796.jpg
325,image_3262.jpg
326,image_1176.jpg
327,image_4284.jpg
328,image_10.jpg
329,image_2591.jpg
330,image_4939.jpg
331,image_3012.jpg
332,image_4317.jpg
333,image_451.jpg
334,image_3009.jpg
335,image_3567.jpg
336,image_2649.jpg
337,image_3218.jpg
338,image_3192.jpg
339,image_2922.jpg
340,image_4905.jpg
341,image_1253.jpg
342,image_3809.jpg
343,image_4593.jpg
344,image_3431.jpg
345,image_413.jpg
346,image_1625.jpg
347,image_2634.jpg
348,image_1488.jpg
349,image_4056.jpg
350,image_1046.jpg
351,image_136.jpg
352,image_4769.jpg
353,image_3754.jpg
354,image_4242.jpg
355,image_3404.jpg
356,image_3936.jpg
357,image_2295.jpg
358,image_4777.jpg
359,image_1145.jpg
360,image_68.jpg
361,image_2772.jpg
362,image_2808.jpg
363,image_541.jpg
364,image_4206.jpg
365,image_2708.jpg
366,image_1048.jpg
367,image_4240.jpg
368,image_1472.jpg
369,image_4881.jpg
370,image_1532.jpg
371,image_295.jpg
372,image_847.jpg
373,image_4844.jpg
374,image_4878.jpg
375,image_415.jpg
376,image_1755.jpg
377,image_4529.jpg
378,image_398.jpg
379,image_1037.jpg
380,image_829.jpg
381,image_1912.jpg
382,image_1994.jpg
383,image_3339.jpg
384,image_4782.jpg
385,image_1338.jpg
386,image_705.jpg
387,image_981.jpg
388,image_3506.jpg
389,image_1207.jpg
390,image_4671.jpg
391,image_1510.jpg
392,image_1665.jpg
393,image_711.jpg
394,image_2030.jpg
395,image_4456.jpg
396,image_177.jpg
397,image_2771.jpg
398,image_77.jpg
399,image_2995.jpg
400,image_2786.jpg
401,image_1500.jpg
402,image_4884.jpg
403,image_1296.jpg
404,image_3411.jpg
405,image_4719.jpg
406,image_275.jpg
407,image_410.jpg
408,image_3105.jpg
409,image_460.jpg
410,image_1134.jpg
411,image_382.jpg
412,image_3442.jpg
413,image_2378.jpg
414,image_4143.jpg
415,image_1630.jpg
416,image_4615.jpg
417,image_4625.jpg
418,image_4158.jpg
419,image_220.jpg
420,image_675.jpg
421,image_3751.jpg
422,image_1471.jpg
423,image_4077.jpg
424,image_2788.jpg
425,image_3067.jpg
426,image_2145.jpg
427,image_3663.jpg
428,image_4647.jpg
429,image_2139.jpg
430,image_576.jpg
431,image_2630.jpg
432,image_2418.jpg
433,image_1415.jpg
434,image_469.jpg
435,image_1915.jpg
436,image_4990.jpg
437,image_2184.jpg
438,image_4155.jpg
439,image_2474.jpg
440,image_4509.jpg
441,image_919.jpg
442,image_3820.jpg
443,image_801.jpg
444,image_536.jpg
445,image_1514.jpg
446,image_4057.jpg
447,image_4678.jpg
448,image_2815.jpg
449,image_4362.jpg
450,image_985.jpg
451,image_3804.jpg
452,image_1987.jpg
453,image_3671.jpg
454,image_1045.jpg
455,image_2248.jpg
456,image_943.jpg
457,image_4637.jpg
458,image_4586.jpg
459,image_131.jpg
460,image_873.jpg
461,image_1513.jpg
462,image_2919.jpg
463,image_3874.jpg
464,image_4221.jpg
465,image_1682.jpg
466,image_4236.jpg
467,image_4697.jpg
468,image_256.jpg
469,image_2008.jpg
470,image_3883.jpg
471,image_2315.jpg
472,image_1744.jpg
473,image_4121.jpg
474,image_622.jpg
475,image_4518.jpg
476,image_4757.jpg
477,image_556.jpg
478,image_3227.jpg
479,image_4427.jpg
480,image_3074.jpg
481,image_4668.jpg
482,image_407.jpg
483,image_4835.jpg
484,image_2910.jpg
485,image_3385.jpg
486,image_934.jpg
487,image_2724.jpg
488,image_4629.jpg
489,image_4985.jpg
490,image_178.jpg
491,image_2432.jpg
492,image_135.jpg
493,image_2423.jpg
494,image_725.jpg
495,image_2431.jpg
496,image_794.jpg
497,image_1886.jpg
498,image_503.jpg
499,image_1271.jpg
500,image_2694.jpg
501,image_3766.jpg
502,image_3516.jpg
503,image_2568.jpg
504,image_4791.jpg
505,image_677.jpg
506,image_3717.jpg
507,image_903.jpg
508,image_4423.jpg
509,image_4215.jpg
510,image_3797.jpg
511,image_3274.jpg
512,image_4695.jpg
513,image_4332.jpg
514,image_2664.jpg
515,image_4614.jpg
516,image_1119.jpg
517,image_3079.jpg
518,image_2646.jpg
519,image_310.jpg
520,image_1072.jpg
521,image_2263.jpg
522,image_4803.jpg
523,image_3170.jpg
524,image_2617.jpg
525,image_857.jpg
526,image_4925.jpg
527,image_963.jpg
528,image_3524.jpg
529,image_782.jpg
530,image_2210.jpg
531,image_3174.jpg
532,image_2613.jpg
533,image_3498.jpg
534,image_813.jpg
535,image_472.jpg
536,image_1431.jpg
537,image_4756.jpg
538,image_3980.jpg
539,image_3356.jpg
540,image_180.jpg
541,image_4726.jpg
542,image_1141.jpg
543,image_3226.jpg
544,image_1851.jpg
545,image_138.jpg
546,image_2665.jpg
547,image_4736.jpg
548,image_3220.jpg
549,image_3848.jpg
550,image_4223.jpg
551,image_2902.jpg
552,image_3784.jpg
553,image_2237.jpg
554,image_1998.jpg
555,image_3647.jpg
556,image_769.jpg
557,image_4836.jpg
558,image_161.jpg
559,image_2346.jpg
560,image_4122.jpg
561,image_763.jpg
562,image_748.jpg
563,image_4651.jpg
564,image_439.jpg
565,image_3642.jpg
566,image_52.jpg
567,image_4661.jpg
568,image_1590.jpg
569,image_814.jpg
570,image_3981.jpg
571,image_4649.jpg
572,image_2313.jpg
573,image_123.jpg
574,image_452.jpg
575,image_930.jpg
576,image_3769.jpg
577,image_3091.jpg
578,image_1154.jpg
579,image_1131.jpg
580,image_1167.jpg
581,image_524.jpg
582,image_119.jpg
583,image_149.jpg
584,image_2381.jpg
585,image_187.jpg
586,image_2055.jpg
587,image_2176.jpg
588,image_396.jpg
589,image_1057.jpg
590,image_2662.jpg
591,image_1925.jpg
592,image_203.jpg
593,image_2250.jpg
594,image_4738.jpg
595,image_1232.jpg
596,image_4628.jpg
597,image_1852.jpg
598,image_1360.jpg
599,image_3150.jpg
600,image_2275.jpg
601,image_305.jpg
602,image_3701.jpg
603,image_417.jpg
604,image_3787.jpg
605,image_3113.jpg
606,image_1769.jpg
607,image_3189.jpg
608,image_4742.jpg
609,image_1902.jpg
610,image_1540.jpg
611,image_574.jpg
612,image_4531.jpg
613,image_3191.jpg
614,image_90.jpg
615,image_1019.jpg
616,image_3552.jpg
617,image_2015.jpg
618,image_2240.jpg
619,image_4063.jpg
620,image_2840.jpg
621,image_3216.jpg
622,image_3744.jpg
623,image_381.jpg
624,image_199.jpg
625,image_2801.jpg
626,image_1601.jpg
627,image_1182.jpg
628,image_3446.jpg
629,image_4856.jpg
630,image_4650.jpg
631,image_4538.jpg
632,image_2533.jpg
633,image_4229.jpg
634,image_4428.jpg
635,image_208.jpg
636,image_2403.jpg
637,image_2069.jpg
638,image_3375.jpg
639,image_351.jpg
640,image_3187.jpg
641,image_4296.jpg
642,image_647.jpg
643,image_4217.jpg
644,image_1388.jpg
645,image_4148.jpg
646,image_2206.jpg
647,image_59.jpg
648,image_845.jpg
649,image_4103.jpg
650,image_2087.jpg
651,image_3782.jpg
652,image_1406.jpg
653,image_4071.jpg
654,image_3408.jpg
655,image_4479.jpg
656,image_4320.jpg
657,image_4758.jpg
658,image_2500.jpg
659,image_3781.jpg
660,image_307.jpg
661,image_2096.jpg
662,image_2402.jpg
663,image_2476.jpg
664,image_4605.jpg
665,image_655.jpg
666,image_3700.jpg
667,image_2933.jpg
668,image_1410.jpg
669,image_4335.jpg
670,image_2477.jpg
671,image_2685.jpg
672,image_707.jpg
673,image_3514.jpg
674,image_3195.jpg
675,image_4154.jpg
676,image_4450.jpg
677,image_1849.jpg
678,image_3833.jpg
679,image_1078.jpg
680,image_1574.jpg
681,image_4001.jpg
682,image_4624.jpg
683,image_2796.jpg
684,image_4110.jpg
685,image_1981.jpg
686,image_3002.jpg
687,image_869.jpg
688,image_684.jpg
689,image_550.jpg
690,image_2102.jpg
691,image_2594.jpg
692,image_3014.jpg
693,image_2645.jpg
694,image_167.jpg
695,image_3742.jpg
696,image_2091.jpg
697,image_4128.jpg
698,image_325.jpg
699,image_3851.jpg
700,image_3453.jpg
701,image_46.jpg
702,image_4404.jpg
703,image_2236.jpg
704,image_2886.jpg
705,image_2124.jpg
706,image_3467.jpg
707,image_2232.jpg
708,image_3177.jpg
709,image_277.jpg
710,image_1294.jpg
711,image_3348.jpg
712,image_2932.jpg
713,image_327.jpg
714,image_2387.jpg
715,image_3381.jpg
716,image_4019.jpg
717,image_4330.jpg
718,image_750.jpg
719,image_2958.jpg
720,image_727.jpg
721,image_3988.jpg
722,image_3695.jpg
723,image_3363.jpg
724,image_2566.jpg
725,image_2863.jpg
726,image_4653.jpg
727,image_2220.jpg
728,image_1910.jpg
729,image_3620.jpg
730,image_43.jpg
731,image_1424.jpg
732,image_3810.jpg
733,image_2862.jpg
734,image_1069.jpg
735,image_4829.jpg
736,image_4948.jpg
737,image_1361.jpg
738,image_4115.jpg
739,image_4013.jpg
740,image_1273.jpg
741,image_4302.jpg
742,image_2921.jpg
743,image_1111.jpg
744,image_1103.jpg
745,image_663.jpg
746,image_4549.jpg
747,image_2938.jpg
748,image_4080.jpg
749,image_528.jpg
750,image_2761.jpg
751,image_2410.jpg
752,image_4871.jpg
753,image_4888.jpg
754,image_285.jpg
755,image_4429.jpg
756,image_1015.jpg
757,image_2317.jpg
758,image_1845.jpg
759,image_565.jpg
760,image_3163.jpg
761,image_4210.jpg
762,image_3613.jpg
763,image_2641.jpg
764,image_2725.jpg
765,image_2144.jpg
766,image_1494.jpg
767,image_111.jpg
768,image_3473.jpg
769,image_1969.jpg
770,image_1637.jpg
771,image_3493.jpg
772,image_186.jpg
773,image_561.jpg
774,image_4419.jpg
775,image_3037.jpg
776,image_2748.jpg
777,image_3073.jpg
778,image_3788.jpg
779,image_795.jpg
780,image_2247.jpg
781,image_83.jpg
782,image_395.jpg
783,image_2172.jpg
784,image_1123.jpg
785,image_1386.jpg
786,image_1382.jpg
787,image_786.jpg
788,image_4006.jpg
789,image_4245.jpg
790,image_3610.jpg
791,image_4271.jpg
792,image_1341.jpg
793,image_2234.jpg
794,image_4551.jpg
795,image_765.jpg
796,image_2214.jpg
797,image_2066.jpg
798,image_2147.jpg
799,image_1717.jpg
800,image_908.jpg
801,image_1127.jpg
802,image_4111.jpg
803,image_4554.jpg
804,image_4367.jpg
805,image_2499.jpg
806,image_1137.jpg
807,image_1487.jpg
808,image_2386.jpg
809,image_4150.jpg
810,image_4652.jpg
811,image_2481.jpg
812,image_731.jpg
813,image_2888.jpg
814,image_1241.jpg
815,image_1486.jpg
816,image_595.jpg
817,image_2154.jpg
818,image_2009.jpg
819,image_1585.jpg
820,image_2699.jpg
821,image_3678.jpg
822,image_3072.jpg
823,image_3114.jpg
824,image_4311.jpg
825,image_2417.jpg
826,image_4816.jpg
827,image_2587.jpg
828,image_1828.jpg
829,image_1938.jpg
830,image_13.jpg
831,image_1844.jpg
832,image_701.jpg
833,image_3166.jpg
834,image_2781.jpg
835,image_3367.jpg
836,image_4919.jpg
837,image_1332.jpg
838,image_3230.jpg
839,image_626.jpg
840,image_1552.jpg
841,image_440.jpg
842,image_3365.jpg
843,image_2778.jpg
844,image_154.jpg
845,image_4998.jpg
846,image_4447.jpg
847,image_721.jpg
848,image_3686.jpg
849,image_4694.jpg
850,image_2631.jpg
851,image_4909.jpg
852,image_418.jpg
853,image_2137.jpg
854,image_3241.jpg
855,image_215.jpg
856,image_2340.jpg
857,image_2342.jpg
858,image_414.jpg
859,image_2046.jpg
860,image_2793.jpg
861,image_2231.jpg
862,image_30.jpg
863,image_2974.jpg
864,image_1247.jpg
865,image_1348.jpg
866,image_4371.jpg
867,image_4045.jpg
868,image_3458.jpg
869,image_1800.jpg
870,image_719.jpg
871,image_838.jpg
872,image_3900.jpg
873,image_2115.jpg
874,image_3786.jpg
875,image_18.jpg
876,image_236.jpg
877,image_2547.jpg
878,image_3320.jpg
879,image_3803.jpg
880,image_1476.jpg
881,image_58.jpg
882,image_4287.jpg
883,image_3296.jpg
884,image_589.jpg
885,image_4120.jpg
886,image_1481.jpg
887,image_4218.jpg
888,image_1581.jpg
889,image_3260.jpg
890,image_3452.jpg
891,image_1576.jpg
892,image_2557.jpg
893,image_2929.jpg
894,image_3846.jpg
895,image_3225.jpg
896,image_3136.jpg
897,image_356.jpg
898,image_848.jpg
899,image_1565.jpg
900,image_1823.jpg
901,image_2880.jpg
902,image_4082.jpg
903,image_3316.jpg
904,image_1866.jpg
905,image_2916.jpg
906,image_2829.jpg
907,image_2106.jpg
908,image_3634.jpg
909,image_1762.jpg
910,image_4715.jpg
911,image_2195.jpg
912,image_2522.jpg
913,image_4337.jpg
914,image_1730.jpg
915,image_274.jpg
916,image_798.jpg
917,image_2395.jpg
918,image_585.jpg
919,image_4665.jpg
920,image_1340.jpg
921,image_314.jpg
922,image_1960.jpg
923,image_1949.jpg
924,image_190.jpg
925,image_2360.jpg
926,image_4109.jpg
927,image_1163.jpg
928,image_4293.jpg
929,image_403.jpg
930,image_2757.jpg
931,image_1817.jpg
932,image_2391.jpg
933,image_112.jpg
934,image_3161.jpg
935,image_4458.jpg
936,image_3934.jpg
937,image_4442.jpg
938,image_4480.jpg
939,image_2797.jpg
940,image_2168.jpg
941,image_2109.jpg
942,image_3030.jpg
943,image_1403.jpg
944,image_1604.jpg
945,image_4131.jpg
946,image_1967.jpg
947,image_4497.jpg
948,image_1809.jpg
949,image_3778.jpg
950,image_3021.jpg
951,image_680.jpg
952,image_2918.jpg
953,image_3308.jpg
954,image_2845.jpg
955,image_3843.jpg
956,image_2936.jpg
957,image_690.jpg
958,image_3236.jpg
959,image_4125.jpg
960,image_72.jpg
961,image_394.jpg
962,image_3323.jpg
963,image_751.jpg
964,image_1723.jpg
965,image_1007.jpg
966,image_3593.jpg
967,image_734.jpg
968,image_598.jpg
969,image_2179.jpg
970,image_2167.jpg
971,image_1917.jpg
972,image_1461.jpg
973,image_25.jpg
974,image_4753.jpg
975,image_956.jpg
976,image_2084.jpg
977,image_1020.jpg
978,image_4378.jpg
979,image_1421.jpg
980,image_3371.jpg
981,image_1613.jpg
982,image_3427.jpg
983,image_984.jpg
984,image_1756.jpg
985,image_2491.jpg
986,image_584.jpg
987,image_2266.jpg
988,image_3001.jpg
989,image_2856.jpg
990,image_36.jpg
991,image_889.jpg
992,image_2065.jpg
993,image_3474.jpg
994,image_1784.jpg
995,image_1407.jpg
996,image_4024.jpg
997,image_2805.jpg
998,image_3859.jpg
999,image_4675.jpg
1000,image_3233.jpg
1001,image_4670.jpg
1002,image_1121.jpg
1003,image_2211.jpg
1004,image_2473.jpg
1005,image_2621.jpg
1006,image_3876.jpg
1007,image_2152.jpg
1008,image_2913.jpg
1009,image_2901.jpg
1010,image_3200.jpg
1011,image_1219.jpg
1012,image_2414.jpg
1013,image_2824.jpg
1014,image_996.jpg
1015,image_1198.jpg
1016,image_4900.jpg
1017,image_3915.jpg
1018,image_2298.jpg
1019,image_4391.jpg
1020,image_747.jpg
1021,image_2444.jpg
1022,image_483.jpg
1023,image_1162.jpg
1024,image_627.jpg
1025,image_27.jpg
1026,image_4453.jpg
1027,image_3127.jpg
1028,image_4252.jpg
1029,image_2441.jpg
1030,image_1975.jpg
1031,image_4561.jpg
1032,image_1789.jpg
1033,image_1168.jpg
1034,image_3530.jpg
1035,image_3050.jpg
1036,image_3852.jpg
1037,image_255.jpg
1038,image_4083.jpg
1039,image_3221.jpg
1040,image_3269.jpg
1041,image_2626.jpg
1042,image_1670.jpg
1043,image_2222.jpg
1044,image_4606.jpg
1045,image_2287.jpg
1046,image_2430.jpg
1047,image_2306.jpg
1048,image_4693.jpg
1049,image_2879.jpg
1050,image_3409.jpg
1051,image_4273.jpg
1052,image_4808.jpg
1053,image_1325.jpg
1054,image_2997.jpg
1055,image_86.jpg
1056,image_4167.jpg
1057,image_4484.jpg
1058,image_2635.jpg
1059,image_1387.jpg
1060,image_2040.jpg
1061,image_3721.jpg
1062,image_636.jpg
1063,image_1351.jpg
1064,image_1530.jpg
1065,image_33.jpg
1066,image_909.jpg
1067,image_4731.jpg
1068,image_334.jpg
1069,image_4585.jpg
1070,image_157.jpg
1071,image_3993.jpg
1072,image_2357.jpg
1073,image_365.jpg
1074,image_7.jpg
1075,image_2871.jpg
1076,image_4563.jpg
1077,image_4796.jpg
1078,image_4205.jpg
1079,image_2112.jpg
1080,image_4289.jpg
1081,image_2713.jpg
1082,image_839.jpg
1083,image_2454.jpg
1084,image_3615.jpg
1085,image_326.jpg
1086,image_153.jpg
1087,image_222.jpg
1088,image_3475.jpg
1089,image_4141.jpg
1090,image_4460.jpg
1091,image_471.jpg
1092,image_629.jpg
1093,image_3011.jpg
1094,image_4224.jpg
1095,image_2322.jpg
1096,image_1223.jpg
1097,image_89.jpg
1098,image_1597.jpg
1099,image_2571.jpg
1100,image_2150.jpg
1101,image_2487.jpg
1102,image_1442.jpg
1103,image_3928.jpg
1104,image_937.jpg
1105,image_2854.jpg
1106,image_2881.jpg
1107,image_4959.jpg
1108,image_997.jpg
1109,image_1230.jpg
1110,image_2859.jpg
1111,image_4553.jpg
1112,image_853.jpg
1113,image_4940.jpg
1114,image_581.jpg
1115,image_3805.jpg
1116,image_1150.jpg
1117,image_1767.jpg
1118,image_1615.jpg
1119,image_3973.jpg
1120,image_271.jpg
1121,image_880.jpg
1122,image_4747.jpg
1123,image_4036.jpg
1124,image_4491.jpg
1125,image_2506.jpg
1126,image_1426.jpg
1127,image_183.jpg
1128,image_2803.jpg
1129,image_3985.jpg
1130,image_4823.jpg
1131,image_3392.jpg
1132,image_423.jpg
1133,image_4834.jpg
1134,image_1331.jpg
1135,image_1635.jpg
1136,image_3334.jpg
1137,image_2310.jpg
1138,image_702.jpg
1139,image_5.jpg
1140,image_2763.jpg
1141,image_3421.jpg
1142,image_1191.jpg
1143,image_3384.jpg
1144,image_61.jpg
1145,image_3768.jpg
1146,image_2604.jpg
1147,image_4007.jpg
1148,image_2711.jpg
1149,image_4081.jpg
1150,image_2277.jpg
1151,image_3869.jpg
1152,image_3905.jpg
1153,image_1288.jpg
1154,image_1149.jpg
1155,image_687.jpg
1156,image_2095.jpg
1157,image_2999.jpg
1158,image_257.jpg
1159,image_2070.jpg
1160,image_3583.jpg
1161,image_3870.jpg
1162,image_1932.jpg
1163,image_3038.jpg
1164,image_3546.jpg
1165,image_815.jpg
1166,image_4997.jpg
1167,image_2257.jpg
1168,image_1879.jpg
1169,image_4503.jpg
1170,image_633.jpg
1171,image_3718.jpg
1172,image_4414.jpg
1173,image_2806.jpg
1174,image_4417.jpg
1175,image_3029.jpg
1176,image_3501.jpg
1177,image_2540.jpg
1178,image_357.jpg
1179,image_4213.jpg
1180,image_2530.jpg
1181,image_3281.jpg
1182,image_3815.jpg
1183,image_2035.jpg
1184,image_2161.jpg
1185,image_2457.jpg
1186,image_2615.jpg
1187,image_1091.jpg
1188,image_3947.jpg
1189,image_164.jpg
1190,image_1445.jpg
1191,image_1237.jpg
1192,image_2437.jpg
1193,image_2014.jpg
1194,image_3139.jpg
1195,image_3399.jpg
1196,image_144.jpg
1197,image_3042.jpg
1198,image_1097.jpg
1199,image_1444.jpg
1200,image_155.jpg
1201,image_4802.jpg
1202,image_2119.jpg
1203,image_3183.jpg
1204,image_2020.jpg
1205,image_374.jpg
1206,image_4410.jpg
1207,image_3148.jpg
1208,image_3487.jpg
1209,image_1102.jpg
1210,image_1577.jpg
1211,image_591.jpg
1212,image_608.jpg
1213,image_4469.jpg
1214,image_1287.jpg
1215,image_3497.jpg
1216,image_2896.jpg
1217,image_2572.jpg
1218,image_2558.jpg
1219,image_4281.jpg
1220,image_4314.jpg
1221,image_2146.jpg
1222,image_1672.jpg
1223,image_4455.jpg
1224,image_376.jpg
1225,image_2570.jpg
1226,image_3568.jpg
1227,image_774.jpg
1228,image_4145.jpg
1229,image_4405.jpg
1230,image_4513.jpg
1231,image_3554.jpg
1232,image_3557.jpg
1233,image_615.jpg
1234,image_1504.jpg
1235,image_3924.jpg
1236,image_2681.jpg
1237,image_3835.jpg
1238,image_1161.jpg
1239,image_2638.jpg
1240,image_4901.jpg
1241,image_3286.jpg
1242,image_3849.jpg
1243,image_2193.jpg
1244,image_3107.jpg
1245,image_4274.jpg
1246,image_459.jpg
1247,image_3158.jpg
1248,image_1937.jpg
1249,image_4017.jpg
1250,image_1058.jpg
1251,image_1068.jpg
1252,image_3685.jpg
1253,image_4969.jpg
1254,image_2153.jpg
1255,image_4641.jpg
1256,image_1935.jpg
1257,image_431.jpg
1258,image_3840.jpg
1259,image_3712.jpg
1260,image_4564.jpg
1261,image_2939.jpg
1262,image_2255.jpg
1263,image_23.jpg
1264,image_3862.jpg
1265,image_2123.jpg
1266,image_3326.jpg
1267,image_913.jpg
1268,image_1567.jpg
1269,image_766.jpg
1270,image_2590.jpg
1271,image_1313.jpg
1272,image_429.jpg
1273,image_2374.jpg
1274,image_2390.jpg
1275,image_521.jpg
1276,image_1391.jpg
1277,image_1032.jpg
1278,image_1948.jpg
1279,image_2950.jpg
1280,image_2528.jpg
1281,image_4160.jpg
1282,image_4441.jpg
1283,image_3325.jpg
1284,image_2053.jpg
1285,image_1740.jpg
1286,image_722.jpg
1287,image_3982.jpg
1288,image_4686.jpg
1289,image_2663.jpg
1290,image_3834.jpg
1291,image_4187.jpg
1292,image_3715.jpg
1293,image_1027.jpg
1294,image_3112.jpg
1295,image_895.jpg
1296,image_2273.jpg
1297,image_1285.jpg
1298,image_2338.jpg
1299,image_4621.jpg
1300,image_4409.jpg
1301,image_4022.jpg
1302,image_3203.jpg
1303,image_1095.jpg
1304,image_510.jpg
1305,image_2511.jpg
1306,image_4607.jpg
1307,image_4979.jpg
1308,image_3016.jpg
1309,image_1712.jpg
1310,image_2947.jpg
1311,image_1467.jpg
1312,image_424.jpg
1313,image_899.jpg
1314,image_2885.jpg
1315,image_4571.jpg
1316,image_4147.jpg
1317,image_2281.jpg
1318,image_82.jpg
1319,image_2931.jpg
1320,image_328.jpg
1321,image_1249.jpg
1322,image_1982.jpg
1323,image_974.jpg
1324,image_1526.jpg
1325,image_650.jpg
1326,image_2419.jpg
1327,image_4408.jpg
1328,image_3159.jpg
1329,image_4718.jpg
1330,image_4325.jpg
1331,image_4307.jpg
1332,image_4590.jpg
1333,image_2937.jpg
1334,image_4820.jpg
1335,image_4825.jpg
1336,image_2300.jpg
1337,image_771.jpg
1338,image_124.jpg
1339,image_1255.jpg
1340,image_600.jpg
1341,image_76.jpg
1342,image_2727.jpg
1343,image_4633.jpg
1344,image_3651.jpg
1345,image_2033.jpg
1346,image_534.jpg
1347,image_3956.jpg
1348,image_4552.jpg
1349,image_3098.jpg
1350,image_3590.jpg
1351,image_4558.jpg
1352,image_508.jpg
1353,image_2425.jpg
1354,image_2105.jpg
1355,image_1833.jpg
1356,image_2686.jpg
1357,image_3154.jpg
1358,image_3434.jpg
1359,image_2182.jpg
1360,image_2728.jpg
1361,image_2583.jpg
1362,image_3656.jpg
1363,image_3736.jpg
1364,image_2841.jpg
1365,image_2221.jpg
1366,image_2585.jpg
1367,image_4088.jpg
1368,image_3774.jpg
1369,image_4443.jpg
1370,image_3109.jpg
1371,image_568.jpg
1372,image_4993.jpg
1373,image_4340.jpg
1374,image_421.jpg
1375,image_3376.jpg
1376,image_1423.jpg
1377,image_1523.jpg
1378,image_1438.jpg
1379,image_3861.jpg
1380,image_21.jpg
1381,image_2858.jpg
1382,image_4244.jpg
1383,image_4029.jpg
1384,image_2074.jpg
1385,image_3902.jpg
1386,image_3202.jpg
1387,image_235.jpg
1388,image_1864.jpg
1389,image_2254.jpg
1390,image_2972.jpg
1391,image_4351.jpg
1392,image_159.jpg
1393,image_3683.jpg
1394,image_1770.jpg
1395,image_4578.jpg
1396,image_671.jpg
1397,image_478.jpg
1398,image_2920.jpg
1399,image_4956.jpg
1400,image_3665.jpg
1401,image_587.jpg
1402,image_2379.jpg
1403,image_2740.jpg
1404,image_3955.jpg
1405,image_1485.jpg
1406,image_1365.jpg
1407,image_2405.jpg
1408,image_4174.jpg
1409,image_1200.jpg
1410,image_4926.jpg
1411,image_317.jpg
1412,image_1199.jpg
1413,image_2098.jpg
1414,image_1327.jpg
1415,image_1690.jpg
1416,image_2093.jpg
1417,image_340.jpg
1418,image_4772.jpg
1419,image_2723.jpg
1420,image_1607.jpg
1421,image_760.jpg
1422,image_1000.jpg
1423,image_3340.jpg
1424,image_3813.jpg
1425,image_3735.jpg
1426,image_447.jpg
1427,image_246.jpg
1428,image_1440.jpg
1429,image_3811.jpg
1430,image_1126.jpg
1431,image_4463.jpg
1432,image_2045.jpg
1433,image_2625.jpg
1434,image_3630.jpg
1435,image_2894.jpg
1436,image_2798.jpg
1437,image_2553.jpg
1438,image_1525.jpg
1439,image_1238.jpg
1440,image_2706.jpg
1441,image_586.jpg
1442,image_3086.jpg
1443,image_4257.jpg
1444,image_885.jpg
1445,image_708.jpg
1446,image_4176.jpg
1447,image_2730.jpg
1448,image_56.jpg
1449,image_4222.jpg
1450,image_3318.jpg
1451,image_3679.jpg
1452,image_1614.jpg
1453,image_3623.jpg
1454,image_2836.jpg
1455,image_2341.jpg
1456,image_466.jpg
1457,image_1434.jpg
1458,image_2773.jpg
1459,image_2060.jpg
1460,image_2719.jpg
1461,image_4530.jpg
1462,image_2289.jpg
1463,image_888.jpg
1464,image_309.jpg
1465,image_1148.jpg
1466,image_1628.jpg
1467,image_2872.jpg
1468,image_270.jpg
1469,image_3143.jpg
1470,image_1113.jpg
1471,image_329.jpg
1472,image_3450.jpg
1473,image_399.jpg
1474,image_3424.jpg
1475,image_2538.jpg
1476,image_1787.jpg
1477,image_737.jpg
1478,image_4774.jpg
1479,image_4863.jpg
1480,image_4534.jpg
1481,image_3462.jpg
1482,image_1308.jpg
1483,image_4052.jpg
1484,image_920.jpg
1485,image_2113.jpg
1486,image_2987.jpg
1487,image_427.jpg
1488,image_2640.jpg
1489,image_4201.jpg
1490,image_2158.jpg
1491,image_625.jpg
1492,image_3550.jpg
1493,image_540.jpg
1494,image_808.jpg
1495,image_3753.jpg
1496,image_1725.jpg
1497,image_2135.jpg
1498,image_2890.jpg
1499,image_4958.jpg
1500,image_493.jpg
1501,image_2029.jpg
1502,image_3329.jpg
1503,image_363.jpg
1504,image_4054.jpg
1505,image_4464.jpg
1506,image_1379.jpg
1507,image_3586.jpg
1508,image_4261.jpg
1509,image_2767.jpg
1510,image_1185.jpg
1511,image_557.jpg
1512,image_3921.jpg
1513,image_3101.jpg
1514,image_4069.jpg
1515,image_4375.jpg
1516,image_4038.jpg
1517,image_1267.jpg
1518,image_3558.jpg
1519,image_1067.jpg
1520,image_434.jpg
1521,image_1538.jpg
1522,image_923.jpg
1523,image_1138.jpg
1524,image_1026.jpg
1525,image_319.jpg
1526,image_2835.jpg
1527,image_397.jpg
1528,image_1956.jpg
1529,image_2750.jpg
1530,image_304.jpg
1531,image_2409.jpg
1532,image_3055.jpg
1533,image_620.jpg
1534,image_505.jpg
1535,image_2228.jpg
1536,image_559.jpg
1537,image_567.jpg
1538,image_4446.jpg
1539,image_1177.jpg
1540,image_4596.jpg
1541,image_2807.jpg
1542,image_1583.jpg
1543,image_4041.jpg
1544,image_4822.jpg
1545,image_1405.jpg
1546,image_3083.jpg
1547,image_4230.jpg
1548,image_324.jpg
1549,image_644.jpg
1550,image_75.jpg
1551,image_4416.jpg
1552,image_3321.jpg
1553,image_2949.jpg
1554,image_4557.jpg
1555,image_4235.jpg
1556,image_4869.jpg
1557,image_2299.jpg
1558,image_1779.jpg
1559,image_2466.jpg
1560,image_1302.jpg
1561,image_4379.jpg
1562,image_9.jpg
1563,image_2512.jpg
1564,image_1052.jpg
1565,image_463.jpg
1566,image_4065.jpg
1567,image_3194.jpg
1568,image_4937.jpg
1569,image_1376.jpg
1570,image_1030.jpg
1571,image_3149.jpg
1572,image_3767.jpg
1573,image_4944.jpg
1574,image_4662.jpg
1575,image_1898.jpg
1576,image_3328.jpg
1577,image_2302.jpg
1578,image_3823.jpg
1579,image_3643.jpg
1580,image_1477.jpg
1581,image_3730.jpg
1582,image_485.jpg
1583,image_3960.jpg
1584,image_4864.jpg
1585,image_855.jpg
1586,image_582.jpg
1587,image_4848.jpg
1588,image_3044.jpg
1589,image_206.jpg
1590,image_1265.jpg
1591,image_2279.jpg
1592,image_4767.jpg
1593,image_1942.jpg
1594,image_1945.jpg
1595,image_3845.jpg
1596,image_185.jpg
1597,image_2356.jpg
1598,image_4680.jpg
1599,image_4587.jpg
1600,image_4735.jpg
1601,image_2891.jpg
1602,image_921.jpg
1603,image_4031.jpg
1604,image_659.jpg
1605,image_2832.jpg
1606,image_4075.jpg
1607,image_2597.jpg
1608,image_2733.jpg
1609,image_2448.jpg
1610,image_828.jpg
1611,image_1031.jpg
1612,image_2866.jpg
1613,image_4249.jpg
1614,image_1698.jpg
1615,image_294.jpg
1616,image_2946.jpg
1617,image_641.jpg
1618,image_593.jpg
1619,image_4723.jpg
1620,image_1954.jpg
1621,image_1921.jpg
1622,image_465.jpg
1623,image_1858.jpg
1624,image_3576.jpg
1625,image_2629.jpg
1626,image_4525.jpg
1627,image_79.jpg
1628,image_893.jpg
1629,image_3390.jpg
1630,image_4468.jpg
1631,image_2752.jpg
1632,image_1656.jpg
1633,image_4395.jpg
1634,image_2064.jpg
1635,image_1619.jpg
1636,image_1666.jpg
1637,image_517.jpg
1638,image_3176.jpg
1639,image_4677.jpg
1640,image_1554.jpg
1641,image_4055.jpg
1642,image_3509.jpg
1643,image_2977.jpg
1644,image_1918.jpg
1645,image_2032.jpg
1646,image_4161.jpg
1647,image_4.jpg
1648,image_755.jpg
1649,image_4567.jpg
1650,image_4151.jpg
1651,image_1369.jpg
1652,image_4955.jpg
1653,image_4721.jpg
1654,image_2026.jpg
1655,image_3719.jpg
1656,image_3275.jpg
1657,image_4494.jpg
1658,image_2224.jpg
1659,image_3343.jpg
1660,image_2760.jpg
1661,image_3223.jpg
1662,image_877.jpg
1663,image_592.jpg
1664,image_3741.jpg
1665,image_2498.jpg
1666,image_3003.jpg
1667,image_2821.jpg
1668,image_4385.jpg
1669,image_3964.jpg
1670,image_1135.jpg
1671,image_3251.jpg
1672,image_279.jpg
1673,image_1307.jpg
1674,image_142.jpg
1675,image_438.jpg
1676,image_107.jpg
1677,image_2301.jpg
1678,image_3580.jpg
1679,image_1228.jpg
1680,image_299.jpg
1681,image_4799.jpg
1682,image_3132.jpg
1683,image_4200.jpg
1684,image_3589.jpg
1685,image_1890.jpg
1686,image_1035.jpg
1687,image_4648.jpg
1688,image_2114.jpg
1689,image_2320.jpg
1690,image_486.jpg
1691,image_2578.jpg
1692,image_3495.jpg
1693,image_3989.jpg
1694,image_712.jpg
1695,image_3819.jpg
1696,image_1114.jpg
1697,image_1922.jpg
1698,image_443.jpg
1699,image_3317.jpg
1700,image_34.jpg
1701,image_4470.jpg
1702,image_1459.jpg
1703,image_1353.jpg
1704,image_861.jpg
1705,image_4793.jpg
1706,image_1054.jpg
1707,image_1835.jpg
1708,image_2601.jpg
1709,image_55.jpg
1710,image_3968.jpg
1711,image_569.jpg
1712,image_4874.jpg
1713,image_4316.jpg
1714,image_4911.jpg
1715,image_2780.jpg
1716,image_2837.jpg
1717,image_3992.jpg
1718,image_4279.jpg
1719,image_350.jpg
1720,image_1647.jpg
1721,image_2054.jpg
1722,image_4477.jpg
1723,image_3672.jpg
1724,image_4740.jpg
1725,image_3762.jpg
1726,image_4219.jpg
1727,image_4268.jpg
1728,image_745.jpg
1729,image_3627.jpg
1730,image_1344.jpg
1731,image_4608.jpg
1732,image_933.jpg
1733,image_26.jpg
1734,image_4207.jpg
1735,image_1874.jpg
1736,image_3930.jpg
1737,image_4906.jpg
1738,image_2962.jpg
1739,image_4545.jpg
1740,image_1437.jpg
1741,image_2329.jpg
1742,image_630.jpg
1743,image_2678.jpg
1744,image_3884.jpg
1745,image_2743.jpg
1746,image_229.jpg
1747,image_1337.jpg
1748,image_4996.jpg
1749,image_1419.jpg
1750,image_3418.jpg
1751,image_2163.jpg
1752,image_3903.jpg
1753,image_925.jpg
1754,image_2312.jpg
1755,image_4954.jpg
1756,image_4636.jpg
1757,image_1021.jpg
1758,image_1676.jpg
1759,image_2034.jpg
1760,image_617.jpg
1761,image_2546.jpg
1762,image_1781.jpg
1763,image_3492.jpg
1764,image_3547.jpg
1765,image_1292.jpg
1766,image_3387.jpg
1767,image_2992.jpg
1768,image_2716.jpg
1769,image_1639.jpg
1770,image_4072.jpg
1771,image_2165.jpg
1772,image_3565.jpg
1773,image_264.jpg
1774,image_3288.jpg
1775,image_4813.jpg
1776,image_1416.jpg
1777,image_2436.jpg
1778,image_384.jpg
1779,image_3342.jpg
1780,image_4412.jpg
1781,image_1208.jpg
1782,image_133.jpg
1783,image_4775.jpg
1784,image_3872.jpg
1785,image_4398.jpg
1786,image_2607.jpg
1787,image_2799.jpg
1788,image_2073.jpg
1789,image_4852.jpg
1790,image_281.jpg
1791,image_458.jpg
1792,image_4908.jpg
1793,image_1659.jpg
1794,image_4203.jpg
1795,image_2375.jpg
1796,image_822.jpg
1797,image_4142.jpg
1798,image_2923.jpg
1799,image_1979.jpg
1800,image_4356.jpg
1801,image_2480.jpg
1802,image_4707.jpg
1803,image_692.jpg
1804,image_3006.jpg
1805,image_4581.jpg
1806,image_2018.jpg
1807,image_1692.jpg
1808,image_3858.jpg
1809,image_4708.jpg
1810,image_2731.jpg
1811,image_970.jpg
1812,image_605.jpg
1813,image_1881.jpg
1814,image_2427.jpg
1815,image_990.jpg
1816,image_3129.jpg
1817,image_2529.jpg
1818,image_2639.jpg
1819,image_1311.jpg
1820,image_2654.jpg
1821,image_1951.jpg
1822,image_3270.jpg
1823,image_2424.jpg
1824,image_3069.jpg
1825,image_2603.jpg
1826,image_1186.jpg
1827,image_1869.jpg
1828,image_4786.jpg
1829,image_1616.jpg
1830,image_821.jpg
1831,image_3600.jpg
1832,image_1634.jpg
1833,image_1761.jpg
1834,image_4064.jpg
1835,image_4407.jpg
1836,image_4922.jpg
1837,image_1242.jpg
1838,image_1826.jpg
1839,image_1118.jpg
1840,image_4426.jpg
1841,image_4300.jpg
1842,image_226.jpg
1843,image_3206.jpg
1844,image_2742.jpg
1845,image_1657.jpg
1846,image_3485.jpg
1847,image_4728.jpg
1848,image_1291.jpg
1849,image_3652.jpg
1850,image_3681.jpg
1851,image_4664.jpg
1852,image_580.jpg
1853,image_4164.jpg
1854,image_4152.jpg
1855,image_2624.jpg
1856,image_2453.jpg
1857,image_3827.jpg
1858,image_2537.jpg
1859,image_4191.jpg
1860,image_37.jpg
1861,image_4837.jpg
1862,image_4659.jpg
1863,image_2120.jpg
1864,image_268.jpg
1865,image_3644.jpg
1866,image_1831.jpg
1867,image_1236.jpg
1868,image_3601.jpg
1869,image_1728.jpg
1870,image_1566.jpg
1871,image_4304.jpg
1872,image_1227.jpg
1873,image_1063.jpg
1874,image_2344.jpg
1875,image_1884.jpg
1876,image_3430.jpg
1877,image_3053.jpg
1878,image_4478.jpg
1879,image_1689.jpg
1880,image_3893.jpg
1881,image_139.jpg
1882,image_2088.jpg
1883,image_359.jpg
1884,image_4272.jpg
1885,image_4827.jpg
1886,image_3868.jpg
1887,image_1339.jpg
1888,image_1622.jpg
1889,image_2339.jpg
1890,image_2125.jpg
1891,image_3764.jpg
1892,image_2404.jpg
1893,image_2802.jpg
1894,image_3750.jpg
1895,image_3710.jpg
1896,image_4751.jpg
1897,image_4623.jpg
1898,image_2442.jpg
1899,image_41.jpg
1900,image_1366.jpg
1901,image_3885.jpg
1902,image_1301.jpg
1903,image_2103.jpg
1904,image_2701.jpg
1905,image_538.jpg
1906,image_897.jpg
1907,image_3173.jpg
1908,image_156.jpg
1909,image_453.jpg
1910,image_686.jpg
1911,image_1221.jpg
1912,image_4748.jpg
1913,image_4519.jpg
1914,image_104.jpg
1915,image_3699.jpg
1916,image_4507.jpg
1917,image_231.jpg
1918,image_3948.jpg
1919,image_941.jpg
1920,image_3201.jpg
1921,image_333.jpg
1922,image_3156.jpg
1923,image_791.jpg
1924,image_3756.jpg
1925,image_3092.jpg
1926,image_2644.jpg
1927,image_588.jpg
1928,image_265.jpg
1929,image_32.jpg
1930,image_2867.jpg
1931,image_1546.jpg
1932,image_547.jpg
1933,image_3088.jpg
1934,image_3545.jpg
1935,image_4185.jpg
1936,image_1931.jpg
1937,image_3913.jpg
1938,image_3420.jpg
1939,image_2006.jpg
1940,image_2129.jpg
1941,image_392.jpg
1942,image_4781.jpg
1943,image_2532.jpg
1944,image_158.jpg
1945,image_2593.jpg
1946,image_1714.jpg
1947,image_4239.jpg
1948,image_624.jpg
1949,image_2449.jpg
1950,image_678.jpg
1951,image_2485.jpg
1952,image_3826.jpg
1953,image_1270.jpg
1954,image_1974.jpg
1955,image_69.jpg
1956,image_4486.jpg
1957,image_4084.jpg
1958,image_4855.jpg
1959,image_3822.jpg
1960,image_2596.jpg
1961,image_3758.jpg
1962,image_1354.jpg
1963,image_3967.jpg
1964,image_3789.jpg
1965,image_290.jpg
1966,image_2400.jpg
1967,image_2398.jpg
1968,image_2868.jpg
1969,image_1545.jpg
1970,image_151.jpg
1971,image_3413.jpg
1972,image_1742.jpg
1973,image_390.jpg
1974,image_1664.jpg
1975,image_4879.jpg
1976,image_3457.jpg
1977,image_2367.jpg
1978,image_756.jpg
1979,image_4324.jpg
1980,image_548.jpg
1981,image_1533.jpg
1982,image_991.jpg
1983,image_1518.jpg
1984,image_960.jpg
1985,image_343.jpg
1986,image_2189.jpg
1987,image_227.jpg
1988,image_1685.jpg
1989,image_1572.jpg
1990,image_4358.jpg
1991,image_1943.jpg
1992,image_2924.jpg
1993,image_4705.jpg
1994,image_348.jpg
1995,image_4269.jpg
1996,image_3941.jpg
1997,image_4331.jpg
1998,image_1352.jpg
1999,image_1371.jpg
2000,image_1901.jpg
2001,image_4060.jpg
2002,image_2230.jpg
2003,image_1432.jpg
2004,image_4286.jpg
2005,image_1559.jpg
2006,image_4840.jpg
2007,image_3141.jpg
2008,image_3515.jpg
2009,image_1193.jpg
2010,image_833.jpg
2011,image_746.jpg
2012,image_1612.jpg
2013,image_2643.jpg
2014,image_2174.jpg
2015,image_1276.jpg
2016,image_1132.jpg
2017,image_4112.jpg
2018,image_4619.jpg
2019,image_4171.jpg
2020,image_4983.jpg
2021,image_2003.jpg
2022,image_4030.jpg
2023,image_3406.jpg
2024,image_2508.jpg
2025,image_2047.jpg
2026,image_716.jpg
2027,image_4842.jpg
2028,image_1971.jpg
2029,image_2542.jpg
2030,image_3306.jpg
2031,image_2710.jpg
2032,image_572.jpg
2033,image_267.jpg
2034,image_929.jpg
2035,image_3472.jpg
2036,image_648.jpg
2037,image_4085.jpg
2038,image_3536.jpg
2039,image_4086.jpg
2040,image_2133.jpg
2041,image_2784.jpg
2042,image_3052.jpg
2043,image_3033.jpg
2044,image_3370.jpg
2045,image_4744.jpg
2046,image_874.jpg
2047,image_3575.jpg
2048,image_742.jpg
2049,image_4504.jpg
2050,image_2831.jpg
2051,image_4372.jpg
2052,image_4889.jpg
2053,image_1110.jpg
2054,image_109.jpg
2055,image_2892.jpg
2056,image_800.jpg
2057,image_2549.jpg
2058,image_3540.jpg
2059,image_2428.jpg
2060,image_4916.jpg
2061,image_2470.jpg
2062,image_4579.jpg
2063,image_3354.jpg
2064,image_753.jpg
2065,image_172.jpg
2066,image_807.jpg
2067,image_841.jpg
2068,image_3836.jpg
2069,image_3697.jpg
2070,image_3115.jpg
2071,image_1738.jpg
2072,image_804.jpg
2073,image_4588.jpg
2074,image_1347.jpg
2075,image_1633.jpg
2076,image_878.jpg
2077,image_2213.jpg
2078,image_674.jpg
2079,image_2199.jpg
2080,image_3355.jpg
2081,image_1179.jpg
2082,image_2846.jpg
2083,image_3471.jpg
2084,image_516.jpg
2085,image_1885.jpg
2086,image_1751.jpg
2087,image_3800.jpg
2088,image_336.jpg
2089,image_4992.jpg
2090,image_700.jpg
2091,image_3463.jpg
2092,image_590.jpg
2093,image_4394.jpg
2094,image_643.jpg
2095,image_3309.jpg
2096,image_2903.jpg
2097,image_3667.jpg
2098,image_3541.jpg
2099,image_3855.jpg
2100,image_4546.jpg
2101,image_3918.jpg
2102,image_71.jpg
2103,image_2.jpg
2104,image_2493.jpg
2105,image_3372.jpg
2106,image_2718.jpg
2107,image_4138.jpg
2108,image_406.jpg
2109,image_2552.jpg
2110,image_2942.jpg
2111,image_3224.jpg
2112,image_2080.jpg
2113,image_1098.jpg
2114,image_566.jpg
2115,image_3560.jpg
2116,image_1446.jpg
2117,image_1515.jpg
2118,image_4243.jpg
2119,image_3614.jpg
2120,image_2218.jpg
2121,image_1492.jpg
2122,image_2075.jpg
2123,image_4020.jpg
2124,image_1553.jpg
2125,image_4159.jpg
2126,image_2455.jpg
2127,image_3806.jpg
2128,image_2005.jpg
2129,image_1599.jpg
2130,image_792.jpg
2131,image_4193.jpg
2132,image_500.jpg
2133,image_4134.jpg
2134,image_2061.jpg
2135,image_1527.jpg
2136,image_2478.jpg
2137,image_1195.jpg
2138,image_752.jpg
2139,image_2140.jpg
2140,image_4943.jpg
2141,image_4655.jpg
2142,image_1774.jpg
2143,image_1189.jpg
2144,image_4073.jpg
2145,image_3639.jpg
2146,image_657.jpg
2147,image_1775.jpg
2148,image_419.jpg
2149,image_1802.jpg
2150,image_959.jpg
2151,image_373.jpg
2152,image_3207.jpg
2153,image_3419.jpg
2154,image_1414.jpg
2155,image_3027.jpg
2156,image_3135.jpg
2157,image_3169.jpg
2158,image_618.jpg
2159,image_1859.jpg
2160,image_248.jpg
2161,image_662.jpg
2162,image_1399.jpg
2163,image_1283.jpg
2164,image_3046.jpg
2165,image_1093.jpg
2166,image_80.jpg
2167,image_1009.jpg
2168,image_3222.jpg
2169,image_3120.jpg
2170,image_1724.jpg
2171,image_3344.jpg
2172,image_2223.jpg
2173,image_4050.jpg
2174,image_4824.jpg
2175,image_191.jpg
2176,image_4399.jpg
2177,image_2861.jpg
2178,image_837.jpg
2179,image_2000.jpg
2180,image_2991.jpg
2181,image_940.jpg
2182,image_3267.jpg
2183,image_4444.jpg
2184,image_130.jpg
2185,image_4622.jpg
2186,image_297.jpg
2187,image_3607.jpg
2188,image_3946.jpg
2189,image_1038.jpg
2190,image_664.jpg
2191,image_1077.jpg
2192,image_4059.jpg
2193,image_3709.jpg
2194,image_4498.jpg
2195,image_1654.jpg
2196,image_4259.jpg
2197,image_3123.jpg
2198,image_3015.jpg
2199,image_3290.jpg
2200,image_2792.jpg
2201,image_495.jpg
2202,image_1668.jpg
2203,image_2945.jpg
2204,image_3578.jpg
2205,image_4166.jpg
2206,image_2215.jpg
2207,image_2838.jpg
2208,image_4989.jpg
2209,image_3094.jpg
2210,image_1940.jpg
2211,image_1703.jpg
2212,image_4102.jpg
2213,image_3184.jpg
2214,image_4434.jpg
2215,image_3716.jpg
2216,image_3351.jpg
2217,image_3426.jpg
2218,image_4811.jpg
2219,image_2383.jpg
2220,image_2700.jpg
2221,image_3022.jpg
2222,image_1674.jpg
2223,image_4339.jpg
2224,image_4861.jpg
2225,image_4965.jpg
2226,image_3147.jpg
2227,image_4569.jpg
2228,image_3291.jpg
2229,image_3626.jpg
2230,image_300.jpg
2231,image_302.jpg
2232,image_4620.jpg
2233,image_4683.jpg
2234,image_2370.jpg
2235,image_1963.jpg
2236,image_1508.jpg
2237,image_3740.jpg
2238,image_435.jpg
2239,image_4872.jpg
2240,image_1579.jpg
2241,image_2814.jpg
2242,image_3477.jpg
2243,image_3423.jpg
2244,image_1944.jpg
2245,image_976.jpg
2246,image_2996.jpg
2247,image_1212.jpg
2248,image_3253.jpg
2249,image_2691.jpg
2250,image_3280.jpg
2251,image_4666.jpg
2252,image_1846.jpg
2253,image_1375.jpg
2254,image_269.jpg
2255,image_695.jpg
2256,image_4294.jpg
2257,image_2834.jpg
2258,image_1671.jpg
2259,image_339.jpg
2260,image_553.jpg
2261,image_3677.jpg
2262,image_4510.jpg
2263,image_2233.jpg
2264,image_4361.jpg
2265,image_3877.jpg
2266,image_4839.jpg
2267,image_3448.jpg
2268,image_4933.jpg
2269,image_57.jpg
2270,image_4857.jpg
2271,image_906.jpg
2272,image_3313.jpg
2273,image_4724.jpg
2274,image_932.jpg
2275,image_3738.jpg
2276,image_2668.jpg
2277,image_4354.jpg
2278,image_1428.jpg
2279,image_4101.jpg
2280,image_2447.jpg
2281,image_995.jpg
2282,image_597.jpg
2283,image_1171.jpg
2284,image_599.jpg
2285,image_4397.jpg
2286,image_4995.jpg
2287,image_4305.jpg
2288,image_683.jpg
2289,image_4819.jpg
2290,image_3035.jpg
2291,image_127.jpg
2292,image_724.jpg
2293,image_2875.jpg
2294,image_4003.jpg
2295,image_968.jpg
2296,image_4770.jpg
2297,image_2747.jpg
2298,image_1840.jpg
2299,image_2768.jpg
2300,image_4543.jpg
2301,image_1733.jpg
2302,image_706.jpg
2303,image_4814.jpg
2304,image_4964.jpg
2305,image_740.jpg
2306,image_631.jpg
2307,image_4388.jpg
2308,image_4254.jpg
2309,image_954.jpg
2310,image_578.jpg
2311,image_793.jpg
2312,image_2680.jpg
2313,image_3664.jpg
2314,image_2961.jpg
2315,image_4297.jpg
2316,image_237.jpg
2317,image_2272.jpg
2318,image_2800.jpg
2319,image_2554.jpg
2320,image_201.jpg
2321,image_4357.jpg
2322,image_1715.jpg
2323,image_1686.jpg
2324,image_1367.jpg
2325,image_4062.jpg
2326,image_4860.jpg
2327,image_171.jpg
2328,image_3007.jpg
2329,image_676.jpg
2330,image_1752.jpg
2331,image_3983.jpg
2332,image_1158.jpg
2333,image_113.jpg
2334,image_3145.jpg
2335,image_0.jpg
2336,image_3138.jpg
2337,image_2709.jpg
2338,image_2935.jpg
2339,image_1180.jpg
2340,image_168.jpg
2341,image_2679.jpg
2342,image_2372.jpg
2343,image_2100.jpg
2344,image_4144.jpg
2345,image_3271.jpg
2346,image_3489.jpg
2347,image_3272.jpg
2348,image_2027.jpg
2349,image_1039.jpg
2350,image_1821.jpg
2351,image_4313.jpg
2352,image_4778.jpg
2353,image_1655.jpg
2354,image_272.jpg
2355,image_4676.jpg
2356,image_907.jpg
2357,image_3040.jpg
2358,image_4002.jpg
2359,image_3641.jpg
2360,image_4198.jpg
2361,image_3428.jpg
2362,image_3081.jpg
2363,image_487.jpg
2364,image_2811.jpg
2365,image_1691.jpg
2366,image_4027.jpg
2367,image_4639.jpg
2368,image_2963.jpg
2369,image_252.jpg
2370,image_1897.jpg
2371,image_2037.jpg
2372,image_4981.jpg
2373,image_3779.jpg
2374,image_2371.jpg
2375,image_2456.jpg
2376,image_2433.jpg
2377,image_989.jpg
2378,image_2912.jpg
2379,image_3100.jpg
2380,image_106.jpg
2381,image_1642.jpg
2382,image_4012.jpg
2383,image_2043.jpg
2384,image_3131.jpg
2385,image_322.jpg
2386,image_1122.jpg
2387,image_4276.jpg
2388,image_4248.jpg
2389,image_323.jpg
2390,image_3640.jpg
2391,image_2693.jpg
2392,image_767.jpg
2393,image_2128.jpg
2394,image_1502.jpg
2395,image_4067.jpg
2396,image_1250.jpg
2397,image_4562.jpg
2398,image_4277.jpg
2399,image_2190.jpg
2400,image_4610.jpg
2401,image_1741.jpg
2402,image_3362.jpg
2403,image_1780.jpg
2404,image_4921.jpg
2405,image_1907.jpg
2406,image_3382.jpg
2407,image_3688.jpg
2408,image_4415.jpg
2409,image_2794.jpg
2410,image_1695.jpg
2411,image_979.jpg
2412,image_3182.jpg
2413,image_2078.jpg
2414,image_491.jpg
2415,image_1042.jpg
2416,image_3866.jpg
2417,image_4550.jpg
2418,image_4105.jpg
2419,image_2401.jpg
2420,image_1279.jpg
2421,image_1239.jpg
2422,image_3801.jpg
2423,image_4058.jpg
2424,image_3621.jpg
2425,image_2490.jpg
2426,image_3549.jpg
2427,image_4730.jpg
2428,image_4199.jpg
2429,image_1749.jpg
2430,image_922.jpg
2431,image_1449.jpg
2432,image_4971.jpg
2433,image_4392.jpg
2434,image_3199.jpg
2435,image_1836.jpg
2436,image_543.jpg
2437,image_1140.jpg
2438,image_2575.jpg
2439,image_2504.jpg
2440,image_1785.jpg
2441,image_3215.jpg
2442,image_2521.jpg
2443,image_1225.jpg
2444,image_1520.jpg
2445,image_1385.jpg
2446,image_3714.jpg
2447,image_688.jpg
2448,image_2563.jpg
2449,image_992.jpg
2450,image_3060.jpg
2451,image_3368.jpg
2452,image_12.jpg
2453,image_1300.jpg
2454,image_803.jpg
2455,image_3456.jpg
2456,image_1939.jpg
2457,image_4329.jpg
2458,image_2284.jpg
2459,image_1558.jpg
2460,image_2551.jpg
2461,image_3164.jpg
2462,image_1402.jpg
2463,image_95.jpg
2464,image_2028.jpg
2465,image_872.jpg
2466,image_3228.jpg
2467,image_953.jpg
2468,image_4929.jpg
2469,image_1088.jpg
2470,image_3128.jpg
2471,image_4974.jpg
2472,image_4039.jpg
2473,image_3619.jpg
2474,image_3447.jpg
2475,image_4021.jpg
2476,image_3722.jpg
2477,image_1814.jpg
2478,image_3837.jpg
2479,image_3675.jpg
2480,image_4505.jpg
2481,image_1329.jpg
2482,image_467.jpg
2483,image_554.jpg
2484,image_2380.jpg
2485,image_2365.jpg
2486,image_3171.jpg
2487,image_645.jpg
2488,image_436.jpg
2489,image_2988.jpg
2490,image_200.jpg
2491,image_3632.jpg
2492,image_2732.jpg
2493,image_4401.jpg
2494,image_3616.jpg
2495,image_1986.jpg
2496,image_1453.jpg
2497,image_3019.jpg
2498,image_1850.jpg
2499,image_4402.jpg
2500,image_4923.jpg
2501,image_4904.jpg
2502,image_4025.jpg
2503,image_3772.jpg
2504,image_247.jpg
2505,image_2584.jpg
2506,image_1234.jpg
2507,image_1675.jpg
2508,image_4914.jpg
2509,image_1299.jpg
2510,image_3708.jpg
2511,image_1904.jpg
2512,image_1463.jpg
2513,image_1320.jpg
2514,image_1278.jpg
2515,image_3121.jpg
2516,image_4773.jpg
2517,image_3886.jpg
2518,image_3350.jpg
2519,image_346.jpg
2520,image_4859.jpg
2521,image_3057.jpg
2522,image_4047.jpg
2523,image_946.jpg
2524,image_2503.jpg
2525,image_3118.jpg
2526,image_1417.jpg
2527,image_1298.jpg
2528,image_1896.jpg
2529,image_313.jpg
2530,image_3889.jpg
2531,image_212.jpg
2532,image_1335.jpg
2533,image_377.jpg
2534,image_912.jpg
2535,image_4349.jpg
2536,image_603.jpg
2537,image_3602.jpg
2538,image_689.jpg
2539,image_4488.jpg
2540,image_744.jpg
2541,image_4528.jpg
2542,image_1066.jpg
2543,image_3760.jpg
2544,image_715.jpg
2545,image_3300.jpg
2546,image_3945.jpg
2547,image_3757.jpg
2548,image_3875.jpg
2549,image_3648.jpg
2550,image_4433.jpg
2551,image_4950.jpg
2552,image_402.jpg
2553,image_2844.jpg
2554,image_1218.jpg
2555,image_103.jpg
2556,image_4603.jpg
2557,image_2016.jpg
2558,image_1084.jpg
2559,image_1396.jpg
2560,image_2203.jpg
2561,image_3562.jpg
2562,image_3867.jpg
2563,image_2818.jpg
2564,image_1070.jpg
2565,image_2013.jpg
2566,image_948.jpg
2567,image_4660.jpg
2568,image_3895.jpg
2569,image_1893.jpg
2570,image_3790.jpg
2571,image_1870.jpg
2572,image_1435.jpg
2573,image_1401.jpg
2574,image_3097.jpg
2575,image_511.jpg
2576,image_3249.jpg
2577,image_773.jpg
2578,image_1222.jpg
2579,image_4801.jpg
2580,image_2141.jpg
2581,image_4106.jpg
2582,image_661.jpg
2583,image_3278.jpg
2584,image_1464.jpg
2585,image_3724.jpg
2586,image_4616.jpg
2587,image_1966.jpg
2588,image_1750.jpg
2589,image_2627.jpg
2590,image_2703.jpg
2591,image_4755.jpg
2592,image_3763.jpg
2593,image_2328.jpg
2594,image_2183.jpg
2595,image_4613.jpg
2596,image_2857.jpg
2597,image_2269.jpg
2598,image_952.jpg
2599,image_3315.jpg
2600,image_3880.jpg
2601,image_732.jpg
2602,image_137.jpg
2603,image_345.jpg
2604,image_2925.jpg
2605,image_2238.jpg
2606,image_1865.jpg
2607,image_2468.jpg
2608,image_2735.jpg
2609,image_1197.jpg
2610,image_1699.jpg
2611,image_2677.jpg
2612,image_2785.jpg
2613,image_2589.jpg
2614,image_4930.jpg
2615,image_2164.jpg
2616,image_1793.jpg
2617,image_859.jpg
2618,image_1194.jpg
2619,image_844.jpg
2620,image_4437.jpg
2621,image_3622.jpg
2622,image_3263.jpg
2623,image_3167.jpg
2624,image_520.jpg
2625,image_1029.jpg
2626,image_3747.jpg
2627,image_4256.jpg
2628,image_3795.jpg
2629,image_197.jpg
2630,image_863.jpg
2631,image_3479.jpg
2632,image_660.jpg
2633,image_2201.jpg
2634,image_4496.jpg
2635,image_1475.jpg
2636,image_799.jpg
2637,image_2545.jpg
2638,image_3482.jpg
2639,image_3357.jpg
2640,image_3276.jpg
2641,image_1759.jpg
2642,image_4968.jpg
2643,image_388.jpg
2644,image_3951.jpg
2645,image_2527.jpg
2646,image_900.jpg
2647,image_3039.jpg
2648,image_280.jpg
2649,image_330.jpg
2650,image_4945.jpg
2651,image_2426.jpg
2652,image_1801.jpg
2653,image_4826.jpg
2654,image_2855.jpg
2655,image_3403.jpg
2656,image_887.jpg
2657,image_4560.jpg
2658,image_1350.jpg
2659,image_4516.jpg
2660,image_1503.jpg
2661,image_1739.jpg
2662,image_3720.jpg
2663,image_3919.jpg
2664,image_1822.jpg
2665,image_2023.jpg
2666,image_2011.jpg
2667,image_2605.jpg
2668,image_393.jpg
2669,image_867.jpg
2670,image_2726.jpg
2671,image_1175.jpg
2672,image_2330.jpg
2673,image_3077.jpg
2674,image_4858.jpg
2675,image_189.jpg
2676,image_1758.jpg
2677,image_4093.jpg
2678,image_2550.jpg
2679,image_3543.jpg
2680,image_4299.jpg
2681,image_3923.jpg
